{"is_source_file": true, "format": "Python", "description": "This is a source file setting up a FastAPI application with CORS middleware and a health check endpoint.", "external_files": ["fastapi", "fastapi.middleware.cors"], "external_methods": ["FastAPI", "CORSMiddleware"], "published": ["app"], "classes": [], "methods": [{"name": "health_check()", "description": "Handles GET requests to the root endpoint, returning a health status message.", "scope": "", "scopeKind": ""}], "calls": ["fastapi.FastAPI", "fastapi.middleware.cors.CORSMiddleware"], "search-terms": ["FastAPI", "CORS middleware", "health check", "main.py"], "state": 2, "file_id": 1, "knowledge_revision": 9, "git_revision": "7ef563225a7b25bdba4e2f0638995e24a0aa6710", "ctags": [{"_type": "tag", "name": "app", "path": "/home/kavia/workspace/code-generation/smart-flashcard-study-app-314134-314145/flashcard_backend/src/api/main.py", "pattern": "/^app = FastAPI()$/", "language": "Python", "kind": "variable"}, {"_type": "tag", "name": "health_check", "path": "/home/kavia/workspace/code-generation/smart-flashcard-study-app-314134-314145/flashcard_backend/src/api/main.py", "pattern": "/^def health_check():$/", "language": "Python", "kind": "function", "signature": "()"}], "hash": "58352bf5f133908bab16643199aa483d", "format-version": 4, "code-base-name": "flashcard_backend", "filename": "flashcard_backend/src/api/main.py", "fields": [{"name": "app = FastAPI()", "scope": "", "scopeKind": "", "description": "unavailable"}], "revision_history": [{"9": "7ef563225a7b25bdba4e2f0638995e24a0aa6710"}]}